unique_id,model,transformation,smape,mase,cluster
M10000,Naive,identity,18.99415450273837,0.4992300288739172,0
M10000,SeasonalNaive,identity,12.923257075998789,0.3194096888033365,0
M10000,AutoTheta,identity,18.133939716915734,0.4669435360783624,0
M10000,AutoETS,identity,18.99420130450677,0.49923149094115055,0
M10756,Naive,identity,7.182652686369117,3.607238330248818,0
M10756,SeasonalNaive,identity,0.8464081286612181,0.42319555829734734,0
M10756,AutoTheta,identity,1.4291553593204775,0.7253855959660396,0
M10756,AutoETS,identity,1.4190448775764188,0.7087337376117075,0
M10766,Naive,identity,3.2690418047289462,1.0787373375626705,0
M10766,SeasonalNaive,identity,4.841511996909437,1.577347453869504,0
M10766,AutoTheta,identity,2.4165323755317667,0.8025557745678538,0
M10766,AutoETS,identity,3.306654598305339,1.0908355905578657,0
M10885,Naive,identity,2.990605413300831,0.7447470817120623,0
M10885,SeasonalNaive,identity,3.167615896676855,0.7898832684824902,0
M10885,AutoTheta,identity,2.400864016545691,0.5957841569026808,0
M10885,AutoETS,identity,3.0454609143267977,0.7586846764472522,0
M11278,Naive,identity,3.0080596475202204,1.0450991760220663,0
M11278,SeasonalNaive,identity,4.510870900895721,1.5452660798678823,0
M11278,AutoTheta,identity,0.9828167408390798,0.3440127872698303,0
M11278,AutoETS,identity,2.0324545412017576,0.7069041735778501,0
M11531,Naive,identity,1.491092390293974,1.1276802140826223,0
M11531,SeasonalNaive,identity,1.63174739610632,1.2243853487205216,0
M11531,AutoTheta,identity,0.8211064793947257,0.6210759139722101,0
M11531,AutoETS,identity,1.0887592634051213,0.8205733786504653,0
M12187,Naive,identity,1.4035405317014285,0.4336489639083299,1
M12187,SeasonalNaive,identity,2.3799755482928022,0.728008782763826,1
M12187,AutoTheta,identity,1.61389393242554,0.4987636521476734,1
M12187,AutoETS,identity,1.463146808428453,0.45200114806596026,1
M12226,Naive,identity,1.4837175561183005,0.7322695035460993,0
M12226,SeasonalNaive,identity,1.253321998933258,0.6081560283687943,0
M12226,AutoTheta,identity,1.227408842360999,0.5984905633007536,0
M12226,AutoETS,identity,1.5079775589928224,0.7343855211687904,0
M12319,Naive,identity,1.7566726542122606,0.5611598440545809,0
M12319,SeasonalNaive,identity,1.643775324889362,0.5253411306042884,0
M12319,AutoTheta,identity,1.9781056212493888,0.6312489391665346,0
M12319,AutoETS,identity,1.756695173164133,0.5611670074391558,0
M12437,Naive,identity,5.621208045022192,2.47715911049819,0
M12437,SeasonalNaive,identity,6.253876621243483,2.7314256162730564,0
M12437,AutoTheta,identity,5.129713682757942,2.266948604392818,0
M12437,AutoETS,identity,5.185114969353741,2.2907082199909867,0
M12517,Naive,identity,1.8580263451933494,0.4155293156876118,0
M12517,SeasonalNaive,identity,1.2869799043235286,0.28827652171967444,0
M12517,AutoTheta,identity,2.5653061097682825,0.5821491243434221,0
M12517,AutoETS,identity,2.558632325948521,0.5776653062440162,0
M12575,Naive,identity,1.9641908688241911,1.070472163495419,0
M12575,SeasonalNaive,identity,2.0191121777774925,1.1050035236081748,0
M12575,AutoTheta,identity,1.7280471832045965,0.9454253036058483,0
M12575,AutoETS,identity,1.1799185888849326,0.6430240103220941,0
M12676,Naive,identity,1.5943165112095112,1.1777910210568137,0
M12676,SeasonalNaive,identity,0.7858978080759675,0.5840286054827175,0
M12676,AutoTheta,identity,0.8593493825758749,0.6397126307147347,0
M12676,AutoETS,identity,0.601562374756948,0.4466718700876355,0
M1285,Naive,identity,2.736149988377216,0.805894001946766,0
M1285,SeasonalNaive,identity,2.1837933698974727,0.6414258382841608,0
M1285,AutoTheta,identity,1.7255665948002084,0.5052050141085479,0
M1285,AutoETS,identity,2.531910043363827,0.7448799900800698,0
M13037,Naive,identity,1.31480344319612,0.2426605379080139,0
M13037,SeasonalNaive,identity,3.413793871039033,0.6234096692111959,0
M13037,AutoTheta,identity,1.7627889884091343,0.32362950922080674,0
M13037,AutoETS,identity,1.1523603989539049,0.21307874547751626,0
M13410,Naive,identity,4.740149447883437,1.2590788594581779,0
M13410,SeasonalNaive,identity,3.862811751580781,1.0235403780253878,0
M13410,AutoTheta,identity,1.677875744612274,0.4551723531997215,0
M13410,AutoETS,identity,2.3378391795029105,0.6305682153150186,0
M13525,Naive,identity,16.470177058915002,0.3242724962845774,0
M13525,SeasonalNaive,identity,32.07880736601885,0.5553877622768749,0
M13525,AutoTheta,identity,37.74845017546461,0.6607028556502502,0
M13525,AutoETS,identity,16.469504925035682,0.3242599816417718,0
M14346,Naive,identity,6.482902093351299,0.45725932149151016,0
M14346,SeasonalNaive,identity,8.232017752328538,0.575318057005736,0
M14346,AutoTheta,identity,6.442020400175965,0.4543079136251745,0
M14346,AutoETS,identity,8.299661314312546,0.5933587399494047,0
M14570,Naive,identity,18.478863006292794,5.711780338043048,0
M14570,SeasonalNaive,identity,3.6262507607583414,0.9446883665654299,0
M14570,AutoTheta,identity,8.561622599528246,2.669699517161919,0
M14570,AutoETS,identity,2.592927309664271,0.7405547794136312,0
M15094,Naive,identity,16.134926252566174,4.337462303944229,0
M15094,SeasonalNaive,identity,5.128756720557641,1.3884983574382437,0
M15094,AutoTheta,identity,3.63542517529757,0.9749669653231635,0
M15094,AutoETS,identity,3.9042389058068476,1.058286790142353,0
M15185,Naive,identity,4.097211503674222,0.6920006585937475,0
M15185,SeasonalNaive,identity,3.5452690058751344,0.6016321419475338,0
M15185,AutoTheta,identity,3.502966148813809,0.5932759027089497,0
M15185,AutoETS,identity,4.300491098273067,0.7256557808201721,0
M15704,Naive,identity,23.18405052154914,4.176851280916167,0
M15704,SeasonalNaive,identity,5.323381698911836,1.046440786942613,0
M15704,AutoTheta,identity,7.662903986949213,1.7493614378503168,0
M15704,AutoETS,identity,8.992651937115035,1.9191018054343882,0
M15759,Naive,identity,15.56193179709409,1.1959663852532734,0
M15759,SeasonalNaive,identity,16.104119609740817,1.226687556132183,0
M15759,AutoTheta,identity,15.459934622942345,1.190318757482979,0
M15759,AutoETS,identity,15.528327658384756,1.19430269683778,0
M15984,Naive,identity,1.6046263393307738,0.2873277412427807,0
M15984,SeasonalNaive,identity,12.523441548028206,2.422494545834779,0
M15984,AutoTheta,identity,3.0910910521434807,0.5524557458223294,0
M15984,AutoETS,identity,2.4303365690857017,0.43564448826371,0
M16153,Naive,identity,6.303018930180658,1.0873521445914205,0
M16153,SeasonalNaive,identity,9.422139449719044,1.5841534378229998,0
M16153,AutoTheta,identity,5.943656420397547,1.0280779551575223,0
M16153,AutoETS,identity,6.342623650855045,1.0937942670885037,0
M16472,Naive,identity,7.130963855766679,0.9165197485690505,0
M16472,SeasonalNaive,identity,9.96878986580558,1.262801974711852,0
M16472,AutoTheta,identity,7.579795499287996,0.975791356469952,0
M16472,AutoETS,identity,7.0251861153496105,0.9027349578312608,0
M1681,Naive,identity,0.8318795203326146,0.2466073514873731,0
M1681,SeasonalNaive,identity,1.052462807128302,0.31119499116263744,0
M1681,AutoTheta,identity,3.2787174708425773,0.9548461322436967,0
M1681,AutoETS,identity,0.8318835002280416,0.24660852516231135,0
M17466,Naive,identity,35.14407478996648,0.4091386554621849,0
M17466,SeasonalNaive,identity,36.522243912128104,0.435749299719888,0
M17466,AutoTheta,identity,25.574663280777976,0.2822085969372603,0
M17466,AutoETS,identity,33.04441361986656,0.37743166055694277,0
M17782,Naive,identity,46.90281258158789,1.080568720379147,0
M17782,SeasonalNaive,identity,51.03676430744041,1.232315253642268,0
M17782,AutoTheta,identity,18.49587799798477,0.3482521315873719,0
M17782,AutoETS,identity,46.902530842914935,1.080559717740886,0
M17852,Naive,identity,20.368636046278553,0.4640945969273261,0
M17852,SeasonalNaive,identity,13.532460304598859,0.2968237528051096,0
M17852,AutoTheta,identity,7.896390585747737,0.16969745722289942,0
M17852,AutoETS,identity,18.91108358278406,0.42642692715811986,0
M18152,Naive,identity,30.0118527614341,0.9749063670411985,0
M18152,SeasonalNaive,identity,13.639491668908555,0.41629213483146066,0
M18152,AutoTheta,identity,13.12209443315115,0.396120253011381,0
M18152,AutoETS,identity,30.012348624949965,0.9749255798838307,0
M1820,Naive,identity,3.7989495761655014,2.51937984496124,0
M1820,SeasonalNaive,identity,2.3596064373220353,1.565891472868217,0
M1820,AutoTheta,identity,1.3096891813568259,0.8673926858768986,0
M1820,AutoETS,identity,1.1794347864166148,0.7795541595024538,0
M1914,Naive,identity,38.88304443284597,1.3227111785533638,1
M1914,SeasonalNaive,identity,42.01171505932391,1.3793626707132018,1
M1914,AutoTheta,identity,31.45733401744062,1.1267213626695005,1
M1914,AutoETS,identity,28.93949277371199,1.0605993581540374,1
M1935,Naive,identity,1.4051006735778744,0.7777777777777778,0
M1935,SeasonalNaive,identity,4.257082041561079,2.298507462686567,0
M1935,AutoTheta,identity,1.1063801814098717,0.6182579060495448,0
M1935,AutoETS,identity,1.2459767433299647,0.7036221052467675,0
M19378,Naive,identity,19.85988040110375,0.4374850870913863,0
M19378,SeasonalNaive,identity,18.8949969367748,0.41481746599856834,0
M19378,AutoTheta,identity,25.642747796232722,0.559264379823257,0
M19378,AutoETS,identity,19.85707897394414,0.4374850870913863,0
M19399,Naive,identity,9.685686425046962,0.6063829787234042,0
M19399,SeasonalNaive,identity,14.94310441643555,0.8614488348530901,0
M19399,AutoTheta,identity,9.114787492648587,0.5694523165500504,0
M19399,AutoETS,identity,18.96955175178065,1.3070884942029812,0
M19539,Naive,identity,28.908170244465147,0.5424568057311421,0
M19539,SeasonalNaive,identity,45.05411189759268,0.9748209018120522,0
M19539,AutoTheta,identity,3.7752825445873723,0.06373485884383691,0
M19539,AutoETS,identity,5.448749850487842,0.0824895315353006,0
M19607,Naive,identity,14.12455105817686,0.45238095238095233,0
M19607,SeasonalNaive,identity,7.291366026547539,0.2229591836734694,0
M19607,AutoTheta,identity,9.160347208039362,0.254521538395655,0
M19607,AutoETS,identity,10.436678525489542,0.3257307138278696,0
M20070,Naive,identity,29.486056689890727,0.5076748152359295,0
M20070,SeasonalNaive,identity,23.807241071091383,0.3942581011938602,0
M20070,AutoTheta,identity,11.058569966784662,0.17311770654195727,0
M20070,AutoETS,identity,40.715858073257664,0.7732003454009239,0
M20168,Naive,identity,14.964910906260865,0.2479074347612014,0
M20168,SeasonalNaive,identity,26.389381447352715,0.4887986213687839,0
M20168,AutoTheta,identity,13.229911451833473,0.21590345754097515,0
M20168,AutoETS,identity,12.563573660128693,0.2061283273898927,0
M21037,Naive,identity,4.216426393150957,1.717126629869609,0
M21037,SeasonalNaive,identity,8.19536892057569,3.2528437724982,0
M21037,AutoTheta,identity,1.9322818092343017,0.7965813192695702,0
M21037,AutoETS,identity,2.1914672920155467,0.9035390821310312,0
M21184,Naive,identity,4.302945637720161,1.8662101553740187,1
M21184,SeasonalNaive,identity,2.1853304444175006,0.9569117411500881,1
M21184,AutoTheta,identity,4.4451391757114465,1.9259500204403255,1
M21184,AutoETS,identity,4.494892620257769,1.9472780718924172,1
M21273,Naive,identity,46.54135130625013,2.8646754546971462,1
M21273,SeasonalNaive,identity,17.341873115110868,0.9403748818065522,1
M21273,AutoTheta,identity,8.958017897484153,0.45848840850824324,1
M21273,AutoETS,identity,14.203848791585502,0.7274094074562021,1
M21345,Naive,identity,11.254064635252508,0.6378194872021216,0
M21345,SeasonalNaive,identity,14.341587708705472,0.8638227754054163,0
M21345,AutoTheta,identity,8.499368043483994,0.47935166858320527,0
M21345,AutoETS,identity,6.080245579499096,0.3399421124793179,0
M21458,Naive,identity,6.742401873447923,1.2345923461874673,0
M21458,SeasonalNaive,identity,5.123968151496991,0.950446169280321,0
M21458,AutoTheta,identity,5.672518626574547,1.046057606293562,0
M21458,AutoETS,identity,5.2204065474781505,0.9663868003832199,0
M22432,Naive,identity,0.919133854022359,0.5688320791755759,0
M22432,SeasonalNaive,identity,1.0124046494434613,0.6258232521847151,0
M22432,AutoTheta,identity,0.8893374379220084,0.547861953742698,0
M22432,AutoETS,identity,0.9039649893400817,0.5588017956817405,0
M22844,Naive,identity,7.7299944041468285,1.6256530825496343,0
M22844,SeasonalNaive,identity,2.735161518842759,0.5609326018808778,0
M22844,AutoTheta,identity,2.0238255608657036,0.4228513267535659,0
M22844,AutoETS,identity,2.736319127352906,0.5606403525011259,0
M22958,Naive,identity,1.6388291628676752,0.4928073670864354,0
M22958,SeasonalNaive,identity,1.617595758161642,0.48642344858705466,0
M22958,AutoTheta,identity,1.4652821836574248,0.44105406375600065,0
M22958,AutoETS,identity,1.638822181623981,0.4928073670864354,0
M23869,Naive,identity,4.088177560746071,0.7342077797428375,0
M23869,SeasonalNaive,identity,4.121642210514801,0.7379350759070532,0
M23869,AutoTheta,identity,3.2089823442529806,0.5747171358923822,0
M23869,AutoETS,identity,3.24575838348344,0.5812787161348504,0
M24130,Naive,identity,42.342841652689835,1.0938981728045087,1
M24130,SeasonalNaive,identity,46.45258886270482,1.3284775105864468,1
M24130,AutoTheta,identity,36.29130127805681,0.9547563725756175,1
M24130,AutoETS,identity,33.352325185075074,0.8617740291186912,1
M24354,Naive,identity,26.641046724636137,1.9492332360296845,0
M24354,SeasonalNaive,identity,9.199158938063475,0.5935434708412547,0
M24354,AutoTheta,identity,12.243692530562472,0.8201709519303432,0
M24354,AutoETS,identity,13.442673535636947,0.9029589809232023,0
M24539,Naive,identity,2.572067431401857,0.7041224734514042,0
M24539,SeasonalNaive,identity,4.110474542579941,1.1460244306453813,0
M24539,AutoTheta,identity,3.2606211593929104,0.8983567655564357,0
M24539,AutoETS,identity,2.771959950751824,0.7593806965755281,0
M2485,Naive,identity,14.930347046392844,6.783018341974689,0
M2485,SeasonalNaive,identity,1.6561113830881218,0.7594358030885879,0
M2485,AutoTheta,identity,5.486600228458372,2.5792723719814172,0
M2485,AutoETS,identity,2.207535383701494,1.0134937317430421,0
M25700,Naive,identity,2.8615110363196217,1.6068935977860885,0
M25700,SeasonalNaive,identity,2.327285400970958,1.2940947288390157,0
M25700,AutoTheta,identity,10.101260108414158,6.092279558279669,0
M25700,AutoETS,identity,5.600336690281636,3.293567831564645,0
M25799,Naive,identity,1.7001792246973086,0.18829828151684253,0
M25799,SeasonalNaive,identity,5.937979708072263,0.6395821289148357,0
M25799,AutoTheta,identity,1.5434540888048904,0.17109133926665282,0
M25799,AutoETS,identity,2.542552001754067,0.2802175964794512,0
M25847,Naive,identity,4.173761025070707,1.243985459002734,0
M25847,SeasonalNaive,identity,3.939375497063713,1.1750604126717705,0
M25847,AutoTheta,identity,2.9930948350886006,0.8980374259491876,0
M25847,AutoETS,identity,3.8477585032841923,1.1490131359685132,0
M26455,Naive,identity,5.662691874931649,0.5361794500723589,0
M26455,SeasonalNaive,identity,8.475430104321216,0.8277858176555716,0
M26455,AutoTheta,identity,5.763707006067436,0.5462404214973055,0
M26455,AutoETS,identity,5.662616302417978,0.536171927004003,0
M27255,Naive,identity,0.563954399499474,0.2301535799264547,0
M27255,SeasonalNaive,identity,0.7732651710949435,0.31494700410988535,0
M27255,AutoTheta,identity,0.5189976576605888,0.2124967301422756,0
M27255,AutoETS,identity,0.5639603565141484,0.2301560023534521,0
M2734,Naive,identity,2.801978998438446,1.4361620795107033,0
M2734,SeasonalNaive,identity,2.020401128992966,1.0137614678899083,0
M2734,AutoTheta,identity,1.7453847716705426,0.8970897552237951,0
M2734,AutoETS,identity,1.2385763766345668,0.6329200442535805,0
M27573,Naive,identity,10.114170268118192,1.2218366257341164,0
M27573,SeasonalNaive,identity,6.52930239856014,0.7707801902276008,0
M27573,AutoTheta,identity,10.687924784130246,1.2968195446075872,0
M27573,AutoETS,identity,10.114190723721878,1.2218392775622013,0
M27856,Naive,identity,4.695217103166184,0.6153611413095307,0
M27856,SeasonalNaive,identity,22.895738424502955,2.685968224905114,0
M27856,AutoTheta,identity,4.203080527473676,0.5505627005565852,0
M27856,AutoETS,identity,4.242193317366646,0.5570118111485337,0
M27861,Naive,identity,15.615493574488909,1.8408699148038616,0
M27861,SeasonalNaive,identity,17.318663234498224,2.0233890109648036,0
M27861,AutoTheta,identity,15.5774042209995,1.8367562258899879,0
M27861,AutoETS,identity,12.81583344888183,1.5328725945732926,0
M28078,Naive,identity,2.8628659833038297,0.15026033146314743,0
M28078,SeasonalNaive,identity,6.6484491022402725,0.35829930241670005,0
M28078,AutoTheta,identity,13.065218671783665,0.6215922969513188,0
M28078,AutoETS,identity,9.494849274712374,0.4619631624584786,0
M28360,Naive,identity,3.2529198311417122,1.1628374655647382,0
M28360,SeasonalNaive,identity,6.506636286188233,2.388585858585859,0
M28360,AutoTheta,identity,3.676679163830992,1.3192645446651095,0
M28360,AutoETS,identity,3.8842361239155876,1.3987525667350196,0
M28953,Naive,identity,1.2093148408757908,0.4674787655637951,0
M28953,SeasonalNaive,identity,4.0980310089841385,1.5484305730000059,0
M28953,AutoTheta,identity,1.5399812773013015,0.5888139485065914,0
M28953,AutoETS,identity,2.511727374214224,0.9581821670220886,0
M29092,Naive,identity,4.011141415788525,0.763064870545524,0
M29092,SeasonalNaive,identity,10.732708689952842,1.9661794210375465,0
M29092,AutoTheta,identity,4.48408947627847,0.8498118353143269,0
M29092,AutoETS,identity,4.974216410269091,0.9403498241366861,0
M29223,Naive,identity,3.8020454903080223,0.7641863960916949,0
M29223,SeasonalNaive,identity,2.022872346549759,0.40511086057872975,0
M29223,AutoTheta,identity,2.265711254314724,0.4568765726030161,0
M29223,AutoETS,identity,2.3445188849963516,0.47715956490880257,0
M29939,Naive,identity,4.818854974820013,1.3332009273235452,0
M29939,SeasonalNaive,identity,3.5738694859203806,0.996341983056846,0
M29939,AutoTheta,identity,4.106174978989573,1.1407014097832042,0
M29939,AutoETS,identity,4.7266089666768725,1.3084927561794788,0
M3100,Naive,identity,8.507465623372015,0.8351364581120012,0
M3100,SeasonalNaive,identity,5.198614034693492,0.5022336283208102,0
M3100,AutoTheta,identity,5.392897095178493,0.525912481466904,0
M3100,AutoETS,identity,5.313183110091064,0.5237637548254659,0
M31967,Naive,identity,0.8035297814976536,0.15885203385200558,0
M31967,SeasonalNaive,identity,1.0630375963688008,0.2102102102101774,0
M31967,AutoTheta,identity,0.897631827020383,0.17749022297269798,0
M31967,AutoETS,identity,0.8578502516060469,0.16960113294215126,0
M32021,Naive,identity,45.722649650743485,0.4748959872720553,1
M32021,SeasonalNaive,identity,52.569072755799795,0.6522241746579374,1
M32021,AutoTheta,identity,44.17052599824582,0.45874627474488666,1
M32021,AutoETS,identity,37.14347471053694,0.4011290030461536,1
M32127,Naive,identity,40.315341908142095,2.815401762770572,1
M32127,SeasonalNaive,identity,48.33347225215432,3.215091067474519,1
M32127,AutoTheta,identity,43.570329671889176,2.987674029286859,1
M32127,AutoETS,identity,45.01204020381838,3.0635395277498803,1
M32318,Naive,identity,41.798065308623066,1.666154210741858,1
M32318,SeasonalNaive,identity,40.13686466609966,1.5810494040370406,1
M32318,AutoTheta,identity,51.55824797904371,1.9568627365568902,1
M32318,AutoETS,identity,37.54028955103912,1.532837760164114,1
M32381,Naive,identity,49.39645199022834,1.1307285199537067,1
M32381,SeasonalNaive,identity,46.16015983198684,1.2532840339488736,1
M32381,AutoTheta,identity,42.363655724118125,0.9817162127760357,1
M32381,AutoETS,identity,42.412193559390694,0.9963240603430049,1
M32440,Naive,identity,9.575741000282619,0.9143465958032363,1
M32440,SeasonalNaive,identity,14.238474196599372,1.2861374942013721,1
M32440,AutoTheta,identity,8.158804816134138,0.7658283235818066,1
M32440,AutoETS,identity,8.603502399544954,0.8079482554299977,1
M32679,Naive,identity,47.94648113367469,2.172193288976906,1
M32679,SeasonalNaive,identity,49.45924582805989,2.157543476680889,1
M32679,AutoTheta,identity,25.05882138573714,1.245756720187007,1
M32679,AutoETS,identity,48.43794311564207,2.1889081455400476,1
M33249,Naive,identity,16.516653932974688,1.0451885757678026,1
M33249,SeasonalNaive,identity,27.197223778810297,1.6319604354853736,1
M33249,AutoTheta,identity,15.479929861433451,0.9819885244001061,1
M33249,AutoETS,identity,16.1263365440008,1.0217416715834986,1
M33346,Naive,identity,19.522238045004187,1.3807029842738772,1
M33346,SeasonalNaive,identity,17.09136969365155,1.224695784479932,1
M33346,AutoTheta,identity,16.185186832011567,1.132807851991494,1
M33346,AutoETS,identity,15.980996513103953,1.117238231532613,1
M33399,Naive,identity,13.077325641886658,0.500224747710951,1
M33399,SeasonalNaive,identity,25.123176500870038,0.8389884014591713,1
M33399,AutoTheta,identity,18.9462779276763,0.6930599062073792,1
M33399,AutoETS,identity,20.296353725470038,0.7350241684800435,1
M33516,Naive,identity,33.75556876905396,2.6443432791430768,0
M33516,SeasonalNaive,identity,38.25220735823008,2.613650967729046,0
M33516,AutoTheta,identity,22.525899646320944,1.5977186393764957,0
M33516,AutoETS,identity,24.51271396501213,1.76211136763306,0
M33855,Naive,identity,13.73880909525228,0.5514261273227155,1
M33855,SeasonalNaive,identity,22.386846932413388,1.0503877907000967,1
M33855,AutoTheta,identity,17.605605369782953,0.7498939176192595,1
M33855,AutoETS,identity,19.059511151103848,0.8331340465059153,1
M3389,Naive,identity,2.4143160341415046,1.2792890545863356,0
M3389,SeasonalNaive,identity,5.015810607317826,2.609270211001337,0
M3389,AutoTheta,identity,1.318056965650296,0.7040637817968273,0
M3389,AutoETS,identity,1.1674721788806663,0.624777338498456,0
M33987,Naive,identity,77.59019357532851,2.097468873236008,1
M33987,SeasonalNaive,identity,53.36136657116571,1.6311603386298352,1
M33987,AutoTheta,identity,58.61856927957165,1.7309424042500117,1
M33987,AutoETS,identity,57.76983452532121,1.7209046413762268,1
M34012,Naive,identity,27.13477042970853,1.8630541258198676,1
M34012,SeasonalNaive,identity,14.966743800296534,0.9115800282535217,1
M34012,AutoTheta,identity,9.572245869526604,0.5757715614300679,1
M34012,AutoETS,identity,11.225015831949694,0.7174813312703203,1
M34064,Naive,identity,10.238485382537949,0.5770020240066063,0
M34064,SeasonalNaive,identity,5.100044203676115,0.28672663828336725,0
M34064,AutoTheta,identity,9.429217466315642,0.5339344187121349,0
M34064,AutoETS,identity,3.8272969420491605,0.22136545495504384,0
M34419,Naive,identity,9.49906487206544,1.0481077749333743,1
M34419,SeasonalNaive,identity,22.46793474316521,2.2753910385944307,1
M34419,AutoTheta,identity,8.34784476461989,0.9097138179615478,1
M34419,AutoETS,identity,7.622252941245705,0.8266943394560659,1
M34591,Naive,identity,16.1451191650634,0.49875605639260123,1
M34591,SeasonalNaive,identity,26.764262754724278,0.9765641005950247,1
M34591,AutoTheta,identity,12.721826777259682,0.38385954173341,1
M34591,AutoETS,identity,17.3061919349611,0.5397655858216879,1
M34629,Naive,identity,21.500258719106697,1.567408889918036,1
M34629,SeasonalNaive,identity,18.730531095927972,1.3293212559969454,1
M34629,AutoTheta,identity,20.552534236820545,1.4857162213269184,1
M34629,AutoETS,identity,17.896976409771142,1.2537691673214653,1
M34728,Naive,identity,57.86524173579688,1.9470983379114757,1
M34728,SeasonalNaive,identity,67.94408979872884,2.8286356655572584,1
M34728,AutoTheta,identity,62.59937684594781,2.322345205824897,1
M34728,AutoETS,identity,59.33759662415263,2.051431423364631,1
M34794,Naive,identity,9.186576543915892,0.9115584019518146,0
M34794,SeasonalNaive,identity,5.601460523213328,0.5902714242146997,0
M34794,AutoTheta,identity,7.767755695578892,0.7751887068213712,0
M34794,AutoETS,identity,7.142247499315718,0.7153017451416718,0
M34947,Naive,identity,65.84206202895214,2.0784735473052978,0
M34947,SeasonalNaive,identity,71.52594549195429,2.608863647783791,0
M34947,AutoTheta,identity,60.85864098211579,1.8287369095155745,0
M34947,AutoETS,identity,59.57804665705398,1.7644016213718028,0
M35003,Naive,identity,1.5574191389786674,0.361824610290868,0
M35003,SeasonalNaive,identity,2.0708239022757833,0.47896207405409863,0
M35003,AutoTheta,identity,1.2537240003560626,0.2917021551320739,0
M35003,AutoETS,identity,1.4111034064390207,0.32811954276205313,0
M35046,Naive,identity,2.751237079153945,0.6049805859805114,1
M35046,SeasonalNaive,identity,2.870207784632082,0.6317959416834313,1
M35046,AutoTheta,identity,2.782338258550042,0.6126511214650083,1
M35046,AutoETS,identity,2.8037252123740015,0.6173097270198865,1
M3539,Naive,identity,86.85167668907835,3.055203649473117,1
M3539,SeasonalNaive,identity,53.50422463214193,1.4358310224671555,1
M3539,AutoTheta,identity,53.08816428531492,1.3935037074131391,1
M3539,AutoETS,identity,55.06200343300564,1.449598769315775,1
M35679,Naive,identity,91.65595229659108,1.873308754503338,0
M35679,SeasonalNaive,identity,33.63833420576297,0.85468310865613,0
M35679,AutoTheta,identity,53.396893174834304,1.284826900197041,0
M35679,AutoETS,identity,49.66654264721273,1.2130027919068378,0
M36779,Naive,identity,5.038612839896379,2.3659224167434263,0
M36779,SeasonalNaive,identity,8.166213291163332,3.755859468536507,0
M36779,AutoTheta,identity,3.0662247554769997,1.458643317468392,0
M36779,AutoETS,identity,1.126046493427372,0.5426054100941017,0
M37150,Naive,identity,4.85289145842079,1.4687214852249597,0
M37150,SeasonalNaive,identity,3.5835704107014212,1.0919974380571347,0
M37150,AutoTheta,identity,3.701903395924039,1.1273366144512864,0
M37150,AutoETS,identity,3.7416065642336385,1.1398079448745153,0
M37540,Naive,identity,3.1287333151855203,0.5262153961712175,0
M37540,SeasonalNaive,identity,3.1281460645834884,0.5208215969401371,0
M37540,AutoTheta,identity,2.786617181679491,0.4674908114556866,0
M37540,AutoETS,identity,3.1166894876186686,0.5241844090951288,0
M37803,Naive,identity,2.9998024084637747,0.6853508227202243,0
M37803,SeasonalNaive,identity,6.812872763440213,1.6096736355481955,0
M37803,AutoTheta,identity,3.0173623515471544,0.6894292796227561,0
M37803,AutoETS,identity,2.9999793564041015,0.6853919138867708,0
M3790,Naive,identity,6.541092078123732,1.1059528728317651,0
M3790,SeasonalNaive,identity,6.905735363956945,1.1849027900907496,0
M3790,AutoTheta,identity,5.540053843186145,0.9465743816341567,0
M3790,AutoETS,identity,5.484667053807904,0.9379050442999713,0
M37971,Naive,identity,39.07799022898688,0.8950288096113768,0
M37971,SeasonalNaive,identity,16.08508060466427,0.32379142658657184,0
M37971,AutoTheta,identity,15.90033689836938,0.31644078183225943,0
M37971,AutoETS,identity,16.59514089798767,0.33104953469192605,0
M38006,Naive,identity,0.8324708682878903,0.41661835748792264,0
M38006,SeasonalNaive,identity,1.9103300981146272,0.9468599033816425,0
M38006,AutoTheta,identity,1.0657413034164656,0.5311468863124238,0
M38006,AutoETS,identity,1.183440125369307,0.5899682918153888,0
M38240,Naive,identity,0.677501385235238,0.4048706240487062,0
M38240,SeasonalNaive,identity,1.081076362333173,0.6499238964992389,0
M38240,AutoTheta,identity,0.8100918421364875,0.48343648618168583,0
M38240,AutoETS,identity,0.6428979487098075,0.38296535625166583,0
M3845,Naive,identity,38.44830192856436,1.5129195296763813,0
M3845,SeasonalNaive,identity,34.831284517566615,1.3917121168034325,0
M3845,AutoTheta,identity,28.723637287239313,1.064474927879959,0
M3845,AutoETS,identity,19.804262922009638,0.6838069986385489,0
M39033,Naive,identity,2.8728574544670766,0.16950911387836132,0
M39033,SeasonalNaive,identity,4.3662621994367745,0.2625729411056969,0
M39033,AutoTheta,identity,12.544417169397452,0.6782378911301589,0
M39033,AutoETS,identity,4.660672906647319,0.26327714250764683,0
M39493,Naive,identity,3.3650576819348395,0.5926072633937579,0
M39493,SeasonalNaive,identity,5.135491128664533,0.9150226442140401,0
M39493,AutoTheta,identity,5.790643059933906,1.0351383875926208,0
M39493,AutoETS,identity,6.214146368518944,1.1137649899215936,0
M39683,Naive,identity,106.54036403737575,1.5740740740740742,0
M39683,SeasonalNaive,identity,113.4479608045807,1.8728473696626562,0
M39683,AutoTheta,identity,106.92249030362395,1.5872324169013396,0
M39683,AutoETS,identity,106.54038268387123,1.5740747109955222,0
M39713,Naive,identity,6.007136614473407,0.5327539292679048,0
M39713,SeasonalNaive,identity,7.3882751015719785,0.6448704704285387,0
M39713,AutoTheta,identity,5.971673338002253,0.529727278276988,0
M39713,AutoETS,identity,6.006783581482314,0.5327238044289311,0
M40196,Naive,identity,6.183114003319269,0.34022144780741603,0
M40196,SeasonalNaive,identity,6.508166279936346,0.3579839368603448,0
M40196,AutoTheta,identity,7.2962790161609,0.40577857122212097,0
M40196,AutoETS,identity,6.183076125222533,0.34021924703116396,0
M40381,Naive,identity,4.83866796254246,0.31431983300411565,0
M40381,SeasonalNaive,identity,14.447481000354296,0.8725269448542979,0
M40381,AutoTheta,identity,4.8956844526672025,0.3178337907974004,0
M40381,AutoETS,identity,5.335612893720103,0.34798624501285064,0
M40392,Naive,identity,5.863546574467201,0.6094439660132005,0
M40392,SeasonalNaive,identity,8.139142176939758,0.8209512921644846,0
M40392,AutoTheta,identity,5.336997853362991,0.5536912958659655,0
M40392,AutoETS,identity,5.310841589321234,0.5500457680518841,0
M40637,Naive,identity,7.053022343568603,0.5129217565181603,0
M40637,SeasonalNaive,identity,12.200232877970262,0.9229131774112598,0
M40637,AutoTheta,identity,9.343955176102632,0.6902281258498116,0
M40637,AutoETS,identity,8.789201575903652,0.6465999310054208,0
M40682,Naive,identity,4.19788653746601,0.32593941182994796,0
M40682,SeasonalNaive,identity,9.420423480750891,0.7730654880456346,0
M40682,AutoTheta,identity,3.930921417301053,0.3048779299425202,0
M40682,AutoETS,identity,6.326762928440062,0.5026434079346046,0
M40709,Naive,identity,3.810641254235282,0.8428495422789681,0
M40709,SeasonalNaive,identity,6.488716427619229,1.40556662468978,0
M40709,AutoTheta,identity,2.350688978787995,0.5244582435687922,0
M40709,AutoETS,identity,3.03113528260971,0.6738816184777391,0
M41162,Naive,identity,14.659265416795927,2.858419677047938,0
M41162,SeasonalNaive,identity,17.53819786849497,3.357609058035488,0
M41162,AutoTheta,identity,10.310728055610879,2.066323348267074,0
M41162,AutoETS,identity,11.545596762565172,2.2956928371834695,0
M41608,Naive,identity,79.39513321867162,4.908291895529259,0
M41608,SeasonalNaive,identity,84.9564801135911,4.850446165945247,0
M41608,AutoTheta,identity,78.02176003482127,4.942407332380197,0
M41608,AutoETS,identity,79.18773770988089,4.933459939566374,0
M42540,Naive,identity,37.76394332653282,0.5146000140134449,1
M42540,SeasonalNaive,identity,29.242035797757914,0.40877088042074344,1
M42540,AutoTheta,identity,47.035700575584244,0.5889552994214795,1
M42540,AutoETS,identity,31.480945481072837,0.43843240249784865,1
M42946,Naive,identity,47.46031808296684,0.29115721040550335,1
M42946,SeasonalNaive,identity,95.29431516903153,0.9636310798716065,1
M42946,AutoTheta,identity,34.604287629843725,0.22452204080806537,1
M42946,AutoETS,identity,71.48128511220466,0.3891440651677377,1
M4311,Naive,identity,7.128773792479473,1.7392599741468429,0
M4311,SeasonalNaive,identity,16.451297042942972,3.7903315855975928,0
M4311,AutoTheta,identity,8.414022786247537,2.0503769604703757,0
M4311,AutoETS,identity,9.679345917180319,2.3342330226099777,0
M43138,Naive,identity,5.280817996987156,0.7060233782071337,1
M43138,SeasonalNaive,identity,6.849473766798722,0.870931814275322,1
M43138,AutoTheta,identity,5.712005603304659,0.7416526041048163,1
M43138,AutoETS,identity,6.159713483982825,0.7976872997011294,1
M43493,Naive,identity,10.397556875963092,2.206054141062743,0
M43493,SeasonalNaive,identity,12.673219034014945,2.6371353313466295,0
M43493,AutoTheta,identity,8.876816201687364,1.9062907634661337,0
M43493,AutoETS,identity,9.145204939767108,1.9581563341591843,0
M43866,Naive,identity,6.841693611516983,1.3619205675499213,0
M43866,SeasonalNaive,identity,14.82934313296867,2.819374092565804,0
M43866,AutoTheta,identity,6.89930315207044,1.371372855642567,0
M43866,AutoETS,identity,1.5549580930778024,0.3194597575378788,0
M44521,Naive,identity,10.992872963629308,1.2907187440818724,0
M44521,SeasonalNaive,identity,11.890075516677575,1.3834842242993626,0
M44521,AutoTheta,identity,8.844978832022948,1.052243226471749,0
M44521,AutoETS,identity,7.444223269505798,0.8971968857336728,0
M45066,Naive,identity,31.230572075339346,0.924577405395732,1
M45066,SeasonalNaive,identity,35.441787197930665,0.9392366168063098,1
M45066,AutoTheta,identity,33.76806094143558,1.025309149178321,1
M45066,AutoETS,identity,29.390517272579558,0.8897855767596238,1
M45267,Naive,identity,4.036429206970308,0.5108640708435475,0
M45267,SeasonalNaive,identity,11.634421776438147,1.3952935661846215,0
M45267,AutoTheta,identity,1.8068095390550252,0.22848991500757881,0
M45267,AutoETS,identity,4.036601225420175,0.5108849934426518,0
M45330,Naive,identity,4.984747737198066,0.574206491490612,0
M45330,SeasonalNaive,identity,6.59585998447836,0.7539172325298837,0
M45330,AutoTheta,identity,2.764225374402244,0.3156145717572629,0
M45330,AutoETS,identity,2.417794557972681,0.2725040935173031,0
M4556,Naive,identity,47.59311562026258,1.245296745370665,1
M4556,SeasonalNaive,identity,42.48498930915442,1.2816890294106988,1
M4556,AutoTheta,identity,42.43431659699102,1.1878214184310312,1
M4556,AutoETS,identity,52.9512961915107,1.6211772441497172,1
M45723,Naive,identity,28.87020247230004,1.3554973821989529,1
M45723,SeasonalNaive,identity,38.91596158537536,1.7403141361256544,1
M45723,AutoTheta,identity,36.904709577698604,1.6621791274067,1
M45723,AutoETS,identity,36.74895151389186,1.6560747848208708,1
M46014,Naive,identity,4.112345734110797,0.41294008489802425,0
M46014,SeasonalNaive,identity,13.100105710870835,1.2367271407112574,0
M46014,AutoTheta,identity,2.5702936964412193,0.2574133182485786,0
M46014,AutoETS,identity,7.8810574197256456,0.8342316983730748,0
M46237,Naive,identity,2.5852487914257862,0.3819730724523633,0
M46237,SeasonalNaive,identity,4.045364368124538,0.5951568840330718,0
M46237,AutoTheta,identity,2.913855419191093,0.4322289653824631,0
M46237,AutoETS,identity,3.2481007944475455,0.4834698063312482,0
M46643,Naive,identity,8.798515536839673,0.8362598201091036,0
M46643,SeasonalNaive,identity,14.617722123580732,1.3331936648568916,0
M46643,AutoTheta,identity,7.460639845253808,0.7081540976168023,0
M46643,AutoETS,identity,8.870252996896737,0.842985197566166,0
M46863,Naive,identity,17.98331411862006,0.6963609882533321,1
M46863,SeasonalNaive,identity,40.25498865741234,1.4329914527026646,1
M46863,AutoTheta,identity,33.01497176124209,1.1827773052136883,1
M46863,AutoETS,identity,34.57123086540265,1.2275153287370772,1
M47018,Naive,identity,21.34824770312572,0.47303519013225165,1
M47018,SeasonalNaive,identity,28.406337949027716,0.6308284687180503,1
M47018,AutoTheta,identity,25.37498621105821,0.5415242088252552,1
M47018,AutoETS,identity,28.917105885301268,0.613661818810658,1
M47257,Naive,identity,20.66123860387522,0.6325157546868958,1
M47257,SeasonalNaive,identity,26.5185931253227,0.7831553963859468,1
M47257,AutoTheta,identity,28.478456741444948,0.81205110707306,1
M47257,AutoETS,identity,21.349932331315593,0.6462460885386463,1
M47423,Naive,identity,48.4143344977231,1.3557691474910276,1
M47423,SeasonalNaive,identity,31.83140381970973,0.8195929849994861,1
M47423,AutoTheta,identity,25.886592562167206,0.6105412743277415,1
M47423,AutoETS,identity,22.51034672286405,0.5169572820190916,1
M47570,Naive,identity,51.15237243316623,0.6003294528491543,1
M47570,SeasonalNaive,identity,63.473208491620056,0.8168938165112155,1
M47570,AutoTheta,identity,47.33422489411978,0.5014293944983331,1
M47570,AutoETS,identity,46.913667350209835,0.48094619072994427,1
M5581,Naive,identity,1.4243903825153217,0.8590829532469091,0
M5581,SeasonalNaive,identity,1.485374090266578,0.8977049151152315,0
M5581,AutoTheta,identity,1.4943474073996554,0.9015763283923058,0
M5581,AutoETS,identity,1.5558790167978152,0.9390744594062819,0
M5723,Naive,identity,3.980371046742723,1.6185725845366419,0
M5723,SeasonalNaive,identity,3.285767076231192,1.324602542273798,0
M5723,AutoTheta,identity,4.861971729090803,2.000626952816512,0
M5723,AutoETS,identity,4.706449662898097,1.9358662031952643,0
M6020,Naive,identity,36.570603664346294,2.4604070520778194,0
M6020,SeasonalNaive,identity,45.61038642214743,2.884386893332822,0
M6020,AutoTheta,identity,41.89504509138419,2.733180400335614,0
M6020,AutoETS,identity,39.80100210969353,2.626858772163518,0
M6057,Naive,identity,8.718885077403735,1.1696526645241552,0
M6057,SeasonalNaive,identity,6.9609706748269105,0.8932127240797665,0
M6057,AutoTheta,identity,6.144883421002845,0.8261507186088313,0
M6057,AutoETS,identity,3.3134496279730246,0.4399170991409455,0
M6645,Naive,identity,3.5780208120406747,0.8463698810333224,0
M6645,SeasonalNaive,identity,2.2152858178953925,0.5165127988586269,0
M6645,AutoTheta,identity,3.1924445364111147,0.7654084710215046,0
M6645,AutoETS,identity,2.6867621410013425,0.6392600439813937,0
M710,Naive,identity,3.6457673117086893,1.3457943925233644,0
M710,SeasonalNaive,identity,1.217487169155835,0.4454828660436137,0
M710,AutoTheta,identity,1.2231491885959158,0.4506622196721421,0
M710,AutoETS,identity,1.1293056713621223,0.4139081576267159,0
M7637,Naive,identity,31.11618141519782,0.6756941685427978,0
M7637,SeasonalNaive,identity,51.40571214148899,1.3176290116099412,0
M7637,AutoTheta,identity,37.92026987098753,0.8718837984599833,0
M7637,AutoETS,identity,0.8760569825554707,0.014723968985054256,0
M7685,Naive,identity,5.450972254801448,0.17255334805003678,0
M7685,SeasonalNaive,identity,5.975679014369288,0.18874172185430463,0
M7685,AutoTheta,identity,6.331317465313852,0.19921836498006606,0
M7685,AutoETS,identity,5.729145340002823,0.18087681023055366,0
M801,Naive,identity,1.4585904229116815,1.1306692039327624,0
M801,SeasonalNaive,identity,1.47606964875003,1.137963843958135,0
M801,AutoTheta,identity,1.063347818686754,0.8223798708172225,0
M801,AutoETS,identity,1.2664361488305051,0.9762212940669925,0
M8120,Naive,identity,63.152427902166444,1.4908269827829521,0
M8120,SeasonalNaive,identity,40.35704128471328,0.8204911092294666,0
M8120,AutoTheta,identity,50.344800278994796,1.061776954550411,0
M8120,AutoETS,identity,63.15162474148681,1.4907969470162235,0
M848,Naive,identity,5.3192635632178025,2.492164072664532,0
M848,SeasonalNaive,identity,6.8223347323414565,3.265611845904445,0
M848,AutoTheta,identity,6.030846371490719,2.838191935571391,0
M848,AutoETS,identity,5.940268780860702,2.7935183723001407,0
M8507,Naive,identity,33.61259359741295,1.9425811572560574,0
M8507,SeasonalNaive,identity,41.13032280764888,2.2903768279721786,0
M8507,AutoTheta,identity,31.637458020293234,1.8458905610548362,0
M8507,AutoETS,identity,24.196847531685954,1.4645991013920565,0
M9817,Naive,identity,22.402950980805038,0.49207800121876905,0
M9817,SeasonalNaive,identity,22.826046991833454,0.5036563071297989,0
M9817,AutoTheta,identity,10.423489490515852,0.2120955689700176,0
M9817,AutoETS,identity,22.402950980801396,0.49207800121867634,0
M9964,Naive,identity,39.74194081762069,0.5440819160013884,0
M9964,SeasonalNaive,identity,31.46100831239766,0.4154807358556057,0
M9964,AutoTheta,identity,19.628744438821037,0.2287168418326772,0
M9964,AutoETS,identity,39.7429323618002,0.5440995017839092,0
M10000,CatBoost,identity,14.023122356326745,0.3508153715167347,0
M10756,CatBoost,identity,6.082812706726623,3.0323688908487556,0
M10766,CatBoost,identity,2.317240019496294,0.7699215569551401,0
M10885,CatBoost,identity,2.986253784846654,0.7435888645011824,0
M11278,CatBoost,identity,2.2415604015486674,0.7830664348426284,0
M11531,CatBoost,identity,2.3117582000288768,1.7573494072662783,0
M12187,CatBoost,identity,3.838562628084033,1.167810543645965,1
M12226,CatBoost,identity,1.3384042342475806,0.6593016108399027,0
M12319,CatBoost,identity,2.544379439524826,0.8094348222373393,0
M12437,CatBoost,identity,1.9498189248912903,0.8712155136945461,0
M12517,CatBoost,identity,1.759341626465732,0.39371474744028345,0
M12575,CatBoost,identity,0.6538546777055522,0.3532199218786387,0
M12676,CatBoost,identity,1.3985580186286972,1.0329474173060127,0
M1285,CatBoost,identity,1.4881317574472288,0.4349141092884403,0
M13037,CatBoost,identity,3.5909030941756597,0.6552022295966795,0
M13410,CatBoost,identity,1.5796727730004387,0.42632584498005666,0
M13525,CatBoost,identity,15.519569039862894,0.30624895887349224,0
M14346,CatBoost,identity,6.928986733704155,0.48863031335497537,0
M14570,CatBoost,identity,12.585910194313033,4.0291526779551985,0
M15094,CatBoost,identity,11.51387117918779,3.016791170262538,0
M15185,CatBoost,identity,2.9375866389020655,0.4973045284360862,0
M15704,CatBoost,identity,14.623526727983496,2.874935397406795,0
M15759,CatBoost,identity,16.71139867672125,1.2532721651839747,0
M15984,CatBoost,identity,7.003210584683322,1.2903553742169174,0
M16153,CatBoost,identity,6.751500140724794,1.1601140189393881,0
M16472,CatBoost,identity,7.66737454246644,0.984039694135133,0
M1681,CatBoost,identity,4.926074462859891,1.4954604177412552,0
M17466,CatBoost,identity,37.94891902408653,0.4533986790655991,0
M17782,CatBoost,identity,51.69616476720068,1.2380819112896153,0
M17852,CatBoost,identity,14.37158492031555,0.314112877611536,0
M18152,CatBoost,identity,29.1558049016924,0.9431473710297806,0
M1820,CatBoost,identity,4.681611695393842,3.125139188416629,0
M1914,CatBoost,identity,28.577163402609735,1.037735594217359,1
M1935,CatBoost,identity,2.165448215171873,1.2100706898161007,0
M19378,CatBoost,identity,19.668786362765392,0.4338793959858555,0
M19399,CatBoost,identity,12.242990453408659,0.7589309072480966,0
M19539,CatBoost,identity,30.775588865465075,0.586203650438422,0
M19607,CatBoost,identity,12.620108328365163,0.4003899485122938,0
M20070,CatBoost,identity,27.795159337334173,0.4724693815140074,0
M20168,CatBoost,identity,17.48433918722212,0.29555560885157267,0
M21037,CatBoost,identity,9.992474464529895,3.937487525183229,0
M21184,CatBoost,identity,2.1775333370576284,0.9560433142800978,1
M21273,CatBoost,identity,21.06700816832531,1.093277175602619,1
M21345,CatBoost,identity,15.673985526524003,0.916746084888385,0
M21458,CatBoost,identity,4.928222636830381,0.914681527517713,0
M22432,CatBoost,identity,1.2204563733356155,0.7571547191004407,0
M22844,CatBoost,identity,5.183410429928898,1.0972672139547914,0
M22958,CatBoost,identity,3.091424677292918,0.9184235020533628,0
M23869,CatBoost,identity,3.804563153467591,0.68247267647491,0
M24130,CatBoost,identity,45.223058177166855,1.2222855711734826,1
M24354,CatBoost,identity,19.22906739092765,1.339922466125102,0
M24539,CatBoost,identity,2.785494352845315,0.7638008781076924,0
M2485,CatBoost,identity,8.504587072781982,3.949609594402661,0
M25700,CatBoost,identity,1.0321610471400688,0.5864031085627648,0
M25799,CatBoost,identity,6.279785713170807,0.6783365182872865,0
M25847,CatBoost,identity,2.4403069217948286,0.734563811021209,0
M26455,CatBoost,identity,11.007559857414396,1.0873063858056768,0
M27255,CatBoost,identity,4.6821639079720905,1.959658115607274,0
M2734,CatBoost,identity,2.1225448240917903,1.0838888517119991,0
M27573,CatBoost,identity,8.645605284036188,1.0335530651805234,0
M27856,CatBoost,identity,14.285705373183918,1.7652585998525632,0
M27861,CatBoost,identity,15.24435159511841,1.7987737423999,0
M28078,CatBoost,identity,2.7038674953061017,0.14176741626980038,0
M28360,CatBoost,identity,2.2809161515456573,0.810162959651604,0
M28953,CatBoost,identity,1.1507699809124143,0.44487272972079733,0
M29092,CatBoost,identity,8.033842989303077,1.4942467268758455,0
M29223,CatBoost,identity,3.9985819806010325,0.8045780596890539,0
M29939,CatBoost,identity,3.007863752541902,0.8426316054722826,0
M3100,CatBoost,identity,6.935835345148406,0.6810251006364144,0
M31967,CatBoost,identity,1.1505161297849125,0.22720020087425613,0
M32021,CatBoost,identity,39.341490884916894,0.4210283472761308,1
M32127,CatBoost,identity,43.16870007238325,2.960077791650357,1
M32318,CatBoost,identity,28.73363206416924,1.2306734020206591,1
M32381,CatBoost,identity,43.16806427436932,1.0772933799042226,1
M32440,CatBoost,identity,7.962377691238561,0.746932009763914,1
M32679,CatBoost,identity,43.824436249824046,2.0281175971071406,1
M33249,CatBoost,identity,18.006948027396692,1.1331132605500818,1
M33346,CatBoost,identity,16.14461490088532,1.128867877340835,1
M33399,CatBoost,identity,16.15313847611347,0.6035994341655249,1
M33516,CatBoost,identity,21.480520019400007,1.5015121296887863,0
M33855,CatBoost,identity,15.946241261221486,0.6568239597626002,1
M3389,CatBoost,identity,1.7780520448337538,0.9471618043271044,0
M33987,CatBoost,identity,56.80952119840881,1.6973957990856925,1
M34012,CatBoost,identity,11.794636104417533,0.7122384723693205,1
M34064,CatBoost,identity,7.546956228893972,0.43032609416278367,0
M34419,CatBoost,identity,7.627774595546595,0.8287980485411164,1
M34591,CatBoost,identity,17.62909314249316,0.5520291739104078,1
M34629,CatBoost,identity,22.036838564890584,1.6185036889523645,1
M34728,CatBoost,identity,68.98525414346626,2.8420242665030124,1
M34794,CatBoost,identity,5.268948834034046,0.54152351875967,0
M34947,CatBoost,identity,69.68413271346674,2.40656226784484,0
M35003,CatBoost,identity,3.4762038726493776,0.7990740262547225,0
M35046,CatBoost,identity,3.839055491175345,0.8525958783562202,1
M3539,CatBoost,identity,60.00229098928814,1.6890150632757475,1
M35679,CatBoost,identity,37.94764611532052,0.9843770975982781,0
M36779,CatBoost,identity,6.255369108154257,2.9153216623120426,0
M37150,CatBoost,identity,2.4441922240437264,0.7514290610113264,0
M37540,CatBoost,identity,3.285347457395582,0.5534990815726601,0
M37803,CatBoost,identity,3.8381170221476113,0.8814509621654959,0
M3790,CatBoost,identity,5.8168342804727855,0.9957332044331806,0
M37971,CatBoost,identity,21.8818881115115,0.4415887412369303,0
M38006,CatBoost,identity,1.753088331537083,0.885704734749958,0
M38240,CatBoost,identity,1.9012088444588844,1.1254978953487471,0
M3845,CatBoost,identity,37.50478338963614,1.4678301040779904,0
M39033,CatBoost,identity,1.8265418316671493,0.10677567517588943,0
M39493,CatBoost,identity,2.8332303345983147,0.4976019397276272,0
M39683,CatBoost,identity,112.27610052709096,1.7821673652657615,0
M39713,CatBoost,identity,3.1952128462347518,0.2887181779083114,0
M40196,CatBoost,identity,8.344097634200082,0.4660595384493024,0
M40381,CatBoost,identity,4.877600826471698,0.31640695605061103,0
M40392,CatBoost,identity,5.0517147535297005,0.5224596730876019,0
M40637,CatBoost,identity,17.929486647560502,1.3958645759571295,0
M40682,CatBoost,identity,12.551269151334749,1.0441650782862189,0
M40709,CatBoost,identity,1.261427265988286,0.2840840878533379,0
M41162,CatBoost,identity,13.858961753574702,2.7159297120153063,0
M41608,CatBoost,identity,79.49648002217761,4.8978250786431365,0
M42540,CatBoost,identity,30.017913591384506,0.41885623096651203,1
M42946,CatBoost,identity,26.855013696387143,0.18902736259000477,1
M4311,CatBoost,identity,14.28459340944343,3.3686111382028563,0
M43138,CatBoost,identity,5.342423010553963,0.703805287183153,1
M43493,CatBoost,identity,13.82229630777073,2.8520948541798083,0
M43866,CatBoost,identity,4.229535471634195,0.8571681150536269,0
M44521,CatBoost,identity,8.502450154199732,1.0168683996886336,0
M45066,CatBoost,identity,28.786407015827493,0.8202612731179878,1
M45267,CatBoost,identity,6.77987234948094,0.8400030139039762,0
M45330,CatBoost,identity,2.717178482471334,0.31157545909992523,0
M4556,CatBoost,identity,39.43038476071209,1.0892101516435106,1
M45723,CatBoost,identity,35.26993466860425,1.595028484894786,1
M46014,CatBoost,identity,7.106834096559635,0.6971155529135915,0
M46237,CatBoost,identity,3.188503416608019,0.46837072156808573,0
M46643,CatBoost,identity,8.240409459756535,0.7830413833540952,0
M46863,CatBoost,identity,18.946752857757872,0.7358356446711259,1
M47018,CatBoost,identity,25.85702982556081,0.5509382289992348,1
M47257,CatBoost,identity,21.291920407330974,0.644565742035898,1
M47423,CatBoost,identity,38.53421986828571,1.0020375911998054,1
M47570,CatBoost,identity,50.21455533425213,0.5590338399528519,1
M5581,CatBoost,identity,1.8570919347780306,1.1235256575288903,0
M5723,CatBoost,identity,5.582157634693181,2.2937083300876977,0
M6020,CatBoost,identity,40.87105404025203,2.6886304137207437,0
M6057,CatBoost,identity,4.7064075077988585,0.6147176688901242,0
M6645,CatBoost,identity,2.7582109442002167,0.656946464531575,0
M710,CatBoost,identity,5.7323672823154945,2.148659887999723,0
M7637,CatBoost,identity,37.13068545584581,0.8453150726512091,0
M7685,CatBoost,identity,6.828810191748562,0.21553439964673857,0
M801,CatBoost,identity,1.6437081085811889,1.2772905965579098,0
M8120,CatBoost,identity,50.37664535973161,1.071953067576514,0
M848,CatBoost,identity,8.584594571909097,4.0995354536548065,0
M8507,CatBoost,identity,36.77573800755719,2.0907209607422232,0
M9817,CatBoost,identity,22.297449530426178,0.4893730698793485,0
M9964,CatBoost,identity,42.46577758911709,0.5930788036849785,0
M10000,CatBoost,log1p,14.510750858580673,0.3644392180393578,0
M10756,CatBoost,log1p,4.24463396713219,2.1026877790012737,0
M10766,CatBoost,log1p,1.4267552094962836,0.47681281274128295,0
M10885,CatBoost,log1p,2.6027866163238578,0.6466479889944486,0
M11278,CatBoost,log1p,3.4893774575046317,1.208086379603219,0
M11531,CatBoost,log1p,1.4336059982265645,1.0900376611443632,0
M12187,CatBoost,log1p,3.280418260497385,1.00169009880749,1
M12226,CatBoost,log1p,1.6968054092976286,0.8314262195270102,0
M12319,CatBoost,log1p,1.6166711525328208,0.5164507189510553,0
M12437,CatBoost,log1p,6.465478118908975,2.8348851213474946,0
M12517,CatBoost,log1p,3.257839898249395,0.7392146586880348,0
M12575,CatBoost,log1p,1.6384237507703552,0.8892927438475298,0
M12676,CatBoost,log1p,2.0090282360022496,1.4783274566039972,0
M1285,CatBoost,log1p,4.471329526494425,1.3332449164379336,0
M13037,CatBoost,log1p,4.799529782450011,0.8704480458942605,0
M13410,CatBoost,log1p,5.089191771108028,1.414145200276066,0
M13525,CatBoost,log1p,12.02550315028727,0.23769802132186726,0
M14346,CatBoost,log1p,8.232316987541736,0.5829316279304991,0
M14570,CatBoost,log1p,11.505084713109277,3.8032894262463954,0
M15094,CatBoost,log1p,12.751727909921026,3.349061805980957,0
M15185,CatBoost,log1p,3.2100364190884187,0.5436204539479488,0
M15704,CatBoost,log1p,16.302265405509285,3.127518814509671,0
M15759,CatBoost,log1p,16.43859514127996,1.236201950434904,0
M15984,CatBoost,log1p,6.812623950259583,1.2526100979224666,0
M16153,CatBoost,log1p,4.249283155703834,0.7476243423810344,0
M16472,CatBoost,log1p,8.161984648723104,1.0432902349250222,0
M1681,CatBoost,log1p,1.2383462025507461,0.3679698901510318,0
M17466,CatBoost,log1p,40.956656366267666,0.503516339234798,0
M17782,CatBoost,log1p,50.15871622436744,1.1891840373668685,0
M17852,CatBoost,log1p,15.949916149326423,0.35235574445293416,0
M18152,CatBoost,log1p,34.752141044644816,1.1648591592730917,0
M1820,CatBoost,log1p,3.8484454199164326,2.5537774081796063,0
M1914,CatBoost,log1p,30.126569922036765,1.0829155452942687,1
M1935,CatBoost,log1p,1.6699764274251196,0.9279720104013315,0
M19378,CatBoost,log1p,18.919965254763685,0.41533502540811074,0
M19399,CatBoost,log1p,17.032146049193877,1.025138677188229,0
M19539,CatBoost,log1p,28.198383779083247,0.5261659668261678,0
M19607,CatBoost,log1p,13.93757810332156,0.4462663029401935,0
M20070,CatBoost,log1p,25.760244084901984,0.4310317383780277,0
M20168,CatBoost,log1p,20.768679684370845,0.36112956448822486,0
M21037,CatBoost,log1p,5.391299658879409,2.176046276758322,0
M21184,CatBoost,log1p,5.759387022198635,2.4770561024433038,1
M21273,CatBoost,log1p,24.413636941188198,1.2931061371908399,1
M21345,CatBoost,log1p,11.814212320788238,0.6727801234303922,0
M21458,CatBoost,log1p,4.076442727357971,0.7596743729149416,0
M22432,CatBoost,log1p,1.3447994731443422,0.8344886912037364,0
M22844,CatBoost,log1p,6.075464578912307,1.2799290546308415,0
M22958,CatBoost,log1p,1.6633829391750337,0.5001747655636009,0
M23869,CatBoost,log1p,3.8153631163001758,0.6830075373796817,0
M24130,CatBoost,log1p,40.101454860952956,1.0307578303826552,1
M24354,CatBoost,log1p,21.36956465230685,1.5093940251302647,0
M24539,CatBoost,log1p,3.1034506697743716,0.8513823570084013,0
M2485,CatBoost,log1p,10.417248937177535,4.831168161805509,0
M25700,CatBoost,log1p,3.854266116070995,2.2362833246199796,0
M25799,CatBoost,log1p,4.954653913191182,0.5373487110932005,0
M25847,CatBoost,log1p,5.092436708707387,1.5100121888485332,0
M26455,CatBoost,log1p,4.989904940944898,0.46958301123999807,0
M27255,CatBoost,log1p,0.6850504576522403,0.2805384953981249,0
M2734,CatBoost,log1p,2.868782024632193,1.4492326021586384,0
M27573,CatBoost,log1p,6.277346866080347,0.7352741959835012,0
M27856,CatBoost,log1p,15.091402307230856,1.856853882488385,0
M27861,CatBoost,log1p,18.2873241306521,2.126254073327234,0
M28078,CatBoost,log1p,6.790421853063126,0.3652794254629921,0
M28360,CatBoost,log1p,2.1084114052400307,0.7486649275395664,0
M28953,CatBoost,log1p,3.6254044552855422,1.382610473163763,0
M29092,CatBoost,log1p,7.803218422455677,1.4530606482740993,0
M29223,CatBoost,log1p,3.2707539656925104,0.6557017675324517,0
M29939,CatBoost,log1p,2.7172659463857216,0.7632418720337588,0
M3100,CatBoost,log1p,7.3260371986668265,0.7193024849432171,0
M31967,CatBoost,log1p,3.2914843880498137,0.6612801103610428,0
M32021,CatBoost,log1p,37.87057284019009,0.40682063302579224,1
M32127,CatBoost,log1p,44.08501169468659,3.0156729618528,1
M32318,CatBoost,log1p,33.89081904463171,1.412002164623499,1
M32381,CatBoost,log1p,41.30868352170778,0.961728097274395,1
M32440,CatBoost,log1p,8.977322470765612,0.8443032014509952,1
M32679,CatBoost,log1p,41.05586412507375,1.9266037874915207,1
M33249,CatBoost,log1p,16.54879065007309,1.0475103485454762,1
M33346,CatBoost,log1p,16.3029267443537,1.1411174885259692,1
M33399,CatBoost,log1p,19.84397010523621,0.7217320157187915,1
M33516,CatBoost,log1p,25.475926737623194,1.8577443105013678,0
M33855,CatBoost,log1p,18.6851919258626,0.7912944006083552,1
M3389,CatBoost,log1p,4.119228976242805,2.2300361000857474,0
M33987,CatBoost,log1p,60.442103541004975,1.7695656072200119,1
M34012,CatBoost,log1p,13.887711806393439,0.8568122977000304,1
M34064,CatBoost,log1p,7.76988294895162,0.4433080924400649,0
M34419,CatBoost,log1p,7.981851284813718,0.8685556481395925,1
M34591,CatBoost,log1p,15.096014176426497,0.4625902667359718,1
M34629,CatBoost,log1p,18.842621696962944,1.3341732725892266,1
M34728,CatBoost,log1p,62.60926165131391,2.303783550220977,1
M34794,CatBoost,log1p,3.4394345512088633,0.35386977580259205,0
M34947,CatBoost,log1p,68.67049477735382,2.308621715836259,0
M35003,CatBoost,log1p,2.6871360791713896,0.6197998502687397,0
M35046,CatBoost,log1p,2.9984638134695905,0.6607279129049237,1
M3539,CatBoost,log1p,31.745759704294812,0.6663761061065309,1
M35679,CatBoost,log1p,34.76220638033023,0.9134904629191887,0
M36779,CatBoost,log1p,5.933716609035858,2.7703149040581234,0
M37150,CatBoost,log1p,1.8284554798845183,0.5654461847837916,0
M37540,CatBoost,log1p,3.520605079453625,0.593045917313025,0
M37803,CatBoost,log1p,8.898638308989486,2.1090421429065573,0
M3790,CatBoost,log1p,4.917036655368764,0.8416117310634569,0
M37971,CatBoost,log1p,27.62764984388309,0.5846432060299466,0
M38006,CatBoost,log1p,1.2629390171716375,0.6335933562581096,0
M38240,CatBoost,log1p,2.6155502746565635,1.540427771749353,0
M3845,CatBoost,log1p,38.95738084790171,1.5419393193999658,0
M39033,CatBoost,log1p,5.608700340833789,0.33732159618556773,0
M39493,CatBoost,log1p,8.03542267437318,1.4516830724594743,0
M39683,CatBoost,log1p,111.74433313368061,1.7730456390719445,0
M39713,CatBoost,log1p,2.6471161891114163,0.23679931496496295,0
M40196,CatBoost,log1p,5.358677763378192,0.2928219025437,0
M40381,CatBoost,log1p,5.750359917977545,0.3755329036640276,0
M40392,CatBoost,log1p,5.161222184982982,0.5332308848408149,0
M40637,CatBoost,log1p,13.320837313020359,1.0080301105195608,0
M40682,CatBoost,log1p,9.331006661853012,0.7591785864192856,0
M40709,CatBoost,log1p,2.7182735613551348,0.6052005967284019,0
M41162,CatBoost,log1p,15.16288535944036,2.9465900362108672,0
M41608,CatBoost,log1p,80.25736077840932,4.893708673244273,0
M42540,CatBoost,log1p,31.212616428696023,0.434615763294216,1
M42946,CatBoost,log1p,41.41283316348441,0.2608703130038281,1
M4311,CatBoost,log1p,13.644392817732577,3.2302313666107536,0
M43138,CatBoost,log1p,4.547506570194806,0.6037412987811823,1
M43493,CatBoost,log1p,13.564691130157058,2.8042743155144922,0
M43866,CatBoost,log1p,9.122942213472468,1.7910066838252356,0
M44521,CatBoost,log1p,11.18990423677061,1.3116174136892513,0
M45066,CatBoost,log1p,29.489132255497964,0.8429365610395411,1
M45267,CatBoost,log1p,5.721780091746664,0.7135941023895082,0
M45330,CatBoost,log1p,4.613197971032834,0.5315644288031683,0
M4556,CatBoost,log1p,40.69955797846968,1.1156893956147047,1
M45723,CatBoost,log1p,37.12788574136548,1.6751826999781516,1
M46014,CatBoost,log1p,7.2585179943789795,0.7110879836893843,0
M46237,CatBoost,log1p,2.0584542577050184,0.30630250886743016,0
M46643,CatBoost,log1p,9.347002161435984,0.8875014439037135,0
M46863,CatBoost,log1p,19.968729903566718,0.7811483669686231,1
M47018,CatBoost,log1p,22.290720593140012,0.4858845419065353,1
M47257,CatBoost,log1p,21.36291860140732,0.6493596733214808,1
M47423,CatBoost,log1p,42.24256305027619,1.1501969952502453,1
M47570,CatBoost,log1p,50.596109371898216,0.564222944131125,1
M5581,CatBoost,log1p,3.690851796653263,2.262341893918528,0
M5723,CatBoost,log1p,4.354033239557157,1.774977145384939,0
M6020,CatBoost,log1p,36.64572678902376,2.4656854682100975,0
M6057,CatBoost,log1p,5.509551037788425,0.7213657921171327,0
M6645,CatBoost,log1p,2.7801497413511997,0.6619614697271234,0
M710,CatBoost,log1p,4.7802900969772,1.7784649286244139,0
M7637,CatBoost,log1p,34.87571938003777,0.779519369047469,0
M7685,CatBoost,log1p,7.326460910616632,0.23153320494354537,0
M801,CatBoost,log1p,1.2633110490804187,0.9809903247769133,0
M8120,CatBoost,log1p,42.523141120985855,0.8467860383197814,0
M848,CatBoost,log1p,4.66504741702065,2.1772159473563946,0
M8507,CatBoost,log1p,36.70553541577771,2.087819910393455,0
M9817,CatBoost,log1p,22.892405532559742,0.5045797199959812,0
M9964,CatBoost,log1p,43.883716595781436,0.6202848982749936,0
M10000,CatBoost,boxcox,14.807549437760773,0.37300609727364586,0
M10756,CatBoost,boxcox,4.693344727569812,2.328223915502178,0
M10766,CatBoost,boxcox,1.132354300457076,0.3774245014130433,0
M10885,CatBoost,boxcox,2.5379955650592323,0.6303645250287978,0
M11278,CatBoost,boxcox,3.9452033793900596,1.361942310546446,0
M11531,CatBoost,boxcox,2.434505221825477,1.8238836898985975,0
M12187,CatBoost,boxcox,2.8696070614648574,0.8781637548677849,1
M12226,CatBoost,boxcox,2.151385907837218,1.0502010156907007,0
M12319,CatBoost,boxcox,1.520671827266334,0.48536788832021494,0
M12437,CatBoost,boxcox,4.0672367855293885,1.8081374130165984,0
M12517,CatBoost,boxcox,1.4922314993422625,0.33440975274972595,0
M12575,CatBoost,boxcox,2.207086125727856,1.205105533189016,0
M12676,CatBoost,boxcox,2.2446159142421553,1.649739451207707,0
M1285,CatBoost,boxcox,7.146441984591608,2.1691438193552757,0
M13037,CatBoost,boxcox,1.5530870933901937,0.2885312883791096,0
M13410,CatBoost,boxcox,2.3035149592708084,0.6197237199402824,0
M13525,CatBoost,boxcox,14.694632049695109,0.29066783463083373,0
M14346,CatBoost,boxcox,6.373869718108575,0.4500063631417961,0
M14570,CatBoost,boxcox,14.463468364817055,4.587411770386614,0
M15094,CatBoost,boxcox,11.587481842615922,3.036345059084292,0
M15185,CatBoost,boxcox,3.73119162930595,0.6308117650906823,0
M15704,CatBoost,boxcox,16.438528407825387,3.1604175801979,0
M15759,CatBoost,boxcox,15.76042567889601,1.2061613284767674,0
M15984,CatBoost,boxcox,6.526571123942309,1.199157648256967,0
M16153,CatBoost,boxcox,7.107896802201143,1.2176599073729741,0
M16472,CatBoost,boxcox,8.01760834391988,1.0262143401999135,0
M1681,CatBoost,boxcox,4.233847763385451,1.2827660319137366,0
M17466,CatBoost,boxcox,41.763638494848514,0.5188669990105174,0
M17782,CatBoost,boxcox,51.8928404741074,1.2488706511604617,0
M17852,CatBoost,boxcox,13.108429740038336,0.28402806709460865,0
M18152,CatBoost,boxcox,31.658059910261706,1.0405888787123099,0
M1820,CatBoost,boxcox,6.336282399036987,4.279371878000678,0
M1914,CatBoost,boxcox,29.42399140980136,1.064080781991567,1
M1935,CatBoost,boxcox,2.6330988918812053,1.4811286129565537,0
M19378,CatBoost,boxcox,19.469557548742504,0.4289700226130939,0
M19399,CatBoost,boxcox,12.641937529339348,0.7824168731895652,0
M19539,CatBoost,boxcox,30.80916308235012,0.5864079985333591,0
M19607,CatBoost,boxcox,13.158628070603198,0.41902676367111447,0
M20070,CatBoost,boxcox,26.67803072800727,0.4494029605903694,0
M20168,CatBoost,boxcox,17.128775098138004,0.28862463489184736,0
M21037,CatBoost,boxcox,2.5896255595967035,1.0649840866264624,0
M21184,CatBoost,boxcox,1.959949410610763,0.8663067300031426,1
M21273,CatBoost,boxcox,28.39365359384629,1.543456587746308,1
M21345,CatBoost,boxcox,7.721101840477579,0.4280570701605683,0
M21458,CatBoost,boxcox,6.718738284167595,1.228937486523593,0
M22432,CatBoost,boxcox,1.1180393890584783,0.6930099054845245,0
M22844,CatBoost,boxcox,4.198386398729045,0.894063009265922,0
M22958,CatBoost,boxcox,1.6437020571360577,0.494228873226477,0
M23869,CatBoost,boxcox,4.577062660086606,0.8259771736581315,0
M24130,CatBoost,boxcox,43.2618674779781,1.1381842390572956,1
M24354,CatBoost,boxcox,20.687888160185004,1.4546853996898461,0
M24539,CatBoost,boxcox,2.882204368987767,0.7899177550284555,0
M2485,CatBoost,boxcox,7.544414789497139,3.495987654697682,0
M25700,CatBoost,boxcox,1.2045375926588788,0.6854044326873127,0
M25799,CatBoost,boxcox,1.9693222792712504,0.2175336660912367,0
M25847,CatBoost,boxcox,0.9651213807154511,0.2921115379018269,0
M26455,CatBoost,boxcox,10.217564915576856,1.0036590886467087,0
M27255,CatBoost,boxcox,3.6996904652144273,1.544152848537472,0
M2734,CatBoost,boxcox,1.9304177121855035,0.9841928199774206,0
M27573,CatBoost,boxcox,9.909636900322479,1.1957349862218183,0
M27856,CatBoost,boxcox,14.230247636562337,1.758534651515165,0
M27861,CatBoost,boxcox,16.77037936556456,1.9650584052344118,0
M28078,CatBoost,boxcox,8.791064358893129,0.4783507615525005,0
M28360,CatBoost,boxcox,3.812585882853549,1.369202951324913,0
M28953,CatBoost,boxcox,3.199330173392033,1.224214023143864,0
M29092,CatBoost,boxcox,1.0184758187125962,0.19611481696361815,0
M29223,CatBoost,boxcox,3.4026491854509873,0.6823275047737767,0
M29939,CatBoost,boxcox,3.4111264108837163,0.9528553061324355,0
M3100,CatBoost,boxcox,9.66838697017104,0.9467661198238341,0
M31967,CatBoost,boxcox,4.382005380400416,0.8483365773768062,0
M32021,CatBoost,boxcox,39.09781455385348,0.41829214220917205,1
M32127,CatBoost,boxcox,44.94081261558872,3.058289412353423,1
M32318,CatBoost,boxcox,28.46968565899341,1.2212984966863747,1
M32381,CatBoost,boxcox,41.03253443612707,0.9557981049763493,1
M32440,CatBoost,boxcox,9.546628486040731,0.8959053626599811,1
M32679,CatBoost,boxcox,41.61617026275825,1.9470679232980717,1
M33249,CatBoost,boxcox,16.204408697405754,1.0237497676082399,1
M33346,CatBoost,boxcox,15.978746649736545,1.1208400514719175,1
M33399,CatBoost,boxcox,18.6157141133091,0.6813057321383534,1
M33516,CatBoost,boxcox,26.306904342047932,1.8914821660882704,0
M33855,CatBoost,boxcox,18.948934477699925,0.8015589249013338,1
M3389,CatBoost,boxcox,1.0066092010974514,0.5386976680570176,0
M33987,CatBoost,boxcox,58.3267145457014,1.7287698853531674,1
M34012,CatBoost,boxcox,14.058358796345576,0.8689064169854035,1
M34064,CatBoost,boxcox,6.6524720095228655,0.37889654405431816,0
M34419,CatBoost,boxcox,7.91540762400387,0.8618791918857261,1
M34591,CatBoost,boxcox,17.350437810350737,0.5414675315140964,1
M34629,CatBoost,boxcox,20.923839382711982,1.5177353192179717,1
M34728,CatBoost,boxcox,61.709524594664586,2.216564939297573,1
M34794,CatBoost,boxcox,3.768385847048387,0.38757260547301225,0
M34947,CatBoost,boxcox,67.07381759713023,2.1954908825115336,0
M35003,CatBoost,boxcox,2.316309708531962,0.5352700214506436,0
M35046,CatBoost,boxcox,2.719322432763531,0.5979630195519473,1
M3539,CatBoost,boxcox,47.562383179808634,1.184295370813627,1
M35679,CatBoost,boxcox,38.208460882913826,0.9900355100164825,0
M36779,CatBoost,boxcox,6.581110964195172,3.06104746201522,0
M37150,CatBoost,boxcox,4.595436277136191,1.3928443625783573,0
M37540,CatBoost,boxcox,5.431716834870304,0.9241774056813276,0
M37803,CatBoost,boxcox,5.937171141318452,1.3828158804946145,0
M3790,CatBoost,boxcox,5.749111087815625,0.9849358023031665,0
M37971,CatBoost,boxcox,22.70376028153819,0.4611364317485125,0
M38006,CatBoost,boxcox,1.1589008341088594,0.5783549820927147,0
M38240,CatBoost,boxcox,1.4929967472801686,0.8858972675950753,0
M3845,CatBoost,boxcox,35.81128174452974,1.3807804007622189,0
M39033,CatBoost,boxcox,8.081528379554477,0.492995958853274,0
M39493,CatBoost,boxcox,3.1204866058091683,0.5487821528836158,0
M39683,CatBoost,boxcox,112.44857269422735,1.7963027436708099,0
M39713,CatBoost,boxcox,3.878202962882668,0.34888359101776645,0
M40196,CatBoost,boxcox,7.273757725101504,0.40380051279437246,0
M40381,CatBoost,boxcox,6.559375503405228,0.4282276644709168,0
M40392,CatBoost,boxcox,5.642351561520614,0.5850940915807263,0
M40637,CatBoost,boxcox,14.374910622990079,1.0954502178584333,0
M40682,CatBoost,boxcox,13.635943319782614,1.1426896428947866,0
M40709,CatBoost,boxcox,2.3562771583173148,0.5281805293385085,0
M41162,CatBoost,boxcox,14.032281951695627,2.7471487191348016,0
M41608,CatBoost,boxcox,80.04704878688439,4.885266135524069,0
M42540,CatBoost,boxcox,30.622092686465248,0.42710312607620415,1
M42946,CatBoost,boxcox,41.7190630107448,0.26360596608852915,1
M4311,CatBoost,boxcox,14.22634433700376,3.3577330288131195,0
M43138,CatBoost,boxcox,4.46903305016366,0.592254773317588,1
M43493,CatBoost,boxcox,10.044698689669088,2.1366316966858547,0
M43866,CatBoost,boxcox,4.128067440551959,0.8376114905102932,0
M44521,CatBoost,boxcox,10.262204745040137,1.2105476954081054,0
M45066,CatBoost,boxcox,28.834643478204576,0.8153749759965152,1
M45267,CatBoost,boxcox,4.076600221030873,0.5156971584640007,0
M45330,CatBoost,boxcox,6.412479330034965,0.7344134311809432,0
M4556,CatBoost,boxcox,39.71814971478933,1.0970714416146494,1
M45723,CatBoost,boxcox,36.890507384527545,1.663140128766183,1
M46014,CatBoost,boxcox,9.331061264165868,0.9024326942888905,0
M46237,CatBoost,boxcox,3.520329069482566,0.5273210137675169,0
M46643,CatBoost,boxcox,8.488442019572648,0.807249113400108,0
M46863,CatBoost,boxcox,18.998596929990338,0.738838399595237,1
M47018,CatBoost,boxcox,23.319476720845493,0.5036525715195015,1
M47257,CatBoost,boxcox,22.32314035286091,0.6722695247925701,1
M47423,CatBoost,boxcox,33.45715909023046,0.8438972641576843,1
M47570,CatBoost,boxcox,53.2449402732075,0.63109188702766,1
M5581,CatBoost,boxcox,1.5897104094357979,0.9597282610245449,0
M5723,CatBoost,boxcox,4.907363387160457,2.013467096046996,0
M6020,CatBoost,boxcox,40.63554185179672,2.6818421978686002,0
M6057,CatBoost,boxcox,6.1407559962296965,0.8009271300827325,0
M6645,CatBoost,boxcox,2.848212119833504,0.6781253183283097,0
M710,CatBoost,boxcox,3.257400184054145,1.1990754633049776,0
M7637,CatBoost,boxcox,37.80840222460478,0.8641290901141214,0
M7685,CatBoost,boxcox,5.7615021531569575,0.18209335433536253,0
M801,CatBoost,boxcox,2.6099752915857324,2.001622555635219,0
M8120,CatBoost,boxcox,44.111028530143884,0.8906680339266131,0
M848,CatBoost,boxcox,6.615445495906787,3.1231007129238164,0
M8507,CatBoost,boxcox,37.306773540306445,2.116971643159619,0
M9817,CatBoost,boxcox,23.23194909022864,0.5134479375431997,0
M9964,CatBoost,boxcox,42.377523126345665,0.5915031923105151,0
M10000,CatBoost,differencing,16.81623959680367,0.43247666022239445,0
M10756,CatBoost,differencing,6.116925857160517,3.0589900998829482,0
M10766,CatBoost,differencing,3.8133765656822876,1.253104341224995,0
M10885,CatBoost,differencing,5.477753597640582,1.3886282317903402,0
M11278,CatBoost,differencing,0.8160610760822569,0.28806228831985237,0
M11531,CatBoost,differencing,1.025758460881567,0.776047544912482,0
M12187,CatBoost,differencing,1.8168162211822665,0.5609924732406498,1
M12226,CatBoost,differencing,2.8073865321870892,1.4027708770051064,0
M12319,CatBoost,differencing,1.2548453569559945,0.40103958898889214,0
M12437,CatBoost,differencing,4.397162657873807,1.951222584727834,0
M12517,CatBoost,differencing,1.8725653408626748,0.4185761565745551,0
M12575,CatBoost,differencing,2.087790018136047,1.1406806874757713,0
M12676,CatBoost,differencing,3.522521842269609,2.64878684426318,0
M1285,CatBoost,differencing,4.893073965499457,1.4668474157100875,0
M13037,CatBoost,differencing,1.073164233374084,0.19867435693530036,0
M13410,CatBoost,differencing,3.7986509456044724,1.0131413702766916,0
M13525,CatBoost,differencing,20.847661176163506,0.4021602110789114,0
M14346,CatBoost,differencing,8.890394182610423,0.6318596533973785,0
M14570,CatBoost,differencing,9.760416006152454,3.190115228527296,0
M15094,CatBoost,differencing,9.571585477766341,2.479415508478728,0
M15185,CatBoost,differencing,2.9801302153445666,0.5044342110213418,0
M15704,CatBoost,differencing,13.06601864328174,2.499450735635141,0
M15759,CatBoost,differencing,15.333276780517258,1.1845065032741107,0
M15984,CatBoost,differencing,1.7813339030163147,0.3184505991641808,0
M16153,CatBoost,differencing,4.549325560401879,0.7986125018689834,0
M16472,CatBoost,differencing,8.471989873642748,1.0932728955957849,0
M1681,CatBoost,differencing,2.005086962696858,0.6019721053808211,0
M17466,CatBoost,differencing,38.64336070051961,0.46496070556875463,0
M17782,CatBoost,differencing,38.50718051235602,0.824474009535739,0
M17852,CatBoost,differencing,20.479707657095958,0.46755973541335794,0
M18152,CatBoost,differencing,32.361608073400596,1.069926187183212,0
M1820,CatBoost,differencing,3.3963301220019164,2.2493021149995256,0
M1914,CatBoost,differencing,31.03471226817262,1.1285000763269954,1
M1935,CatBoost,differencing,2.3946022811740844,1.3453288761020177,0
M19378,CatBoost,differencing,19.09312198772826,0.41976357754877597,0
M19399,CatBoost,differencing,7.36722490115931,0.45825813158364115,0
M19539,CatBoost,differencing,20.612924291961203,0.3627622397726506,0
M19607,CatBoost,differencing,11.156772730780446,0.350794241174196,0
M20070,CatBoost,differencing,28.943977008732148,0.4962596606203543,0
M20168,CatBoost,differencing,17.111931627637343,0.2885274268929582,0
M21037,CatBoost,differencing,1.9663251663954064,0.8106709975651607,0
M21184,CatBoost,differencing,3.4638374215905974,1.5091693467081104,1
M21273,CatBoost,differencing,23.152774760292477,1.2366132932107678,1
M21345,CatBoost,differencing,8.823369004253017,0.4923068523946509,0
M21458,CatBoost,differencing,5.109467472793253,0.9466938406291416,0
M22432,CatBoost,differencing,1.7840954601094927,1.1141493199174115,0
M22844,CatBoost,differencing,5.065102571032068,1.0632021284701794,0
M22958,CatBoost,differencing,2.6419078688845974,0.8032592780218492,0
M23869,CatBoost,differencing,3.286666168111818,0.5890538911650989,0
M24130,CatBoost,differencing,42.94722503837995,1.1494860300238063,1
M24354,CatBoost,differencing,15.900392283720416,1.0836337640001663,0
M24539,CatBoost,differencing,4.897769569518322,1.3616446736288603,0
M2485,CatBoost,differencing,4.722093414964959,2.1670312110330876,0
M25700,CatBoost,differencing,3.327318639658186,1.9267144818624369,0
M25799,CatBoost,differencing,4.041180878620568,0.44182583318203633,0
M25847,CatBoost,differencing,4.160461415736112,1.2399894667402769,0
M26455,CatBoost,differencing,6.257037366243044,0.5960374122284189,0
M27255,CatBoost,differencing,2.8923806125787275,1.2076175312112811,0
M2734,CatBoost,differencing,2.221917249066258,1.1353050469822146,0
M27573,CatBoost,differencing,9.056387352314749,1.0874521930579562,0
M27856,CatBoost,differencing,4.943160594427863,0.6455467364561537,0
M27861,CatBoost,differencing,13.930578121255188,1.6568646615034925,0
M28078,CatBoost,differencing,4.269852243006289,0.2267242977319136,0
M28360,CatBoost,differencing,5.120012272135464,1.8557815214169022,0
M28953,CatBoost,differencing,1.0581214915131671,0.40909640032149996,0
M29092,CatBoost,differencing,1.6404913937259207,0.3154047939262078,0
M29223,CatBoost,differencing,2.75636519296854,0.548985819115296,0
M29939,CatBoost,differencing,3.519908316356627,0.982115601995628,0
M3100,CatBoost,differencing,4.4126538327106095,0.42952086837524706,0
M31967,CatBoost,differencing,4.495358045234693,0.9144943784463466,0
M32021,CatBoost,differencing,39.07730743118892,0.4278998013834729,1
M32127,CatBoost,differencing,32.68253351170699,2.377827455158353,1
M32318,CatBoost,differencing,42.07430113051808,1.6706241945521518,1
M32381,CatBoost,differencing,43.37237885160372,1.084614810016608,1
M32440,CatBoost,differencing,6.7109620730274395,0.6214716503498986,1
M32679,CatBoost,differencing,36.59901584643757,1.7521972536343553,1
M33249,CatBoost,differencing,16.8464489956048,1.067189283507285,1
M33346,CatBoost,differencing,15.528972499390415,1.089415185713053,1
M33399,CatBoost,differencing,14.65449191276876,0.5581950016247562,1
M33516,CatBoost,differencing,25.244186342744978,1.8305636914970675,0
M33855,CatBoost,differencing,17.381175511394048,0.7269934974059062,1
M3389,CatBoost,differencing,1.2742846883498935,0.6816911672111289,0
M33987,CatBoost,differencing,59.29672555444094,1.7247526508768107,1
M34012,CatBoost,differencing,19.102551782085676,1.2433435288579218,1
M34064,CatBoost,differencing,7.835491563797935,0.4486205709090768,0
M34419,CatBoost,differencing,8.058940658505787,0.8811889102281844,1
M34591,CatBoost,differencing,21.755981043659492,0.7089903072995047,1
M34629,CatBoost,differencing,23.514607876969386,1.7582042027051121,1
M34728,CatBoost,differencing,63.23150808538881,2.394570234811046,1
M34794,CatBoost,differencing,4.176994726518167,0.42845978613447033,0
M34947,CatBoost,differencing,70.42867744898096,2.4261849152825,0
M35003,CatBoost,differencing,0.7226566696296619,0.16813005128758643,0
M35046,CatBoost,differencing,2.5275213008901933,0.5565574221566647,1
M3539,CatBoost,differencing,49.007941669213146,1.22791284084172,1
M35679,CatBoost,differencing,41.156425717619136,1.0349366057871368,0
M36779,CatBoost,differencing,3.0650304256836054,1.4575215154608618,0
M37150,CatBoost,differencing,0.9678555394336402,0.30133886735908827,0
M37540,CatBoost,differencing,4.742245142484936,0.8072289979105483,0
M37803,CatBoost,differencing,3.055008040497756,0.6984226479390229,0
M3790,CatBoost,differencing,5.420019259036931,0.9294344486321576,0
M37971,CatBoost,differencing,21.627998741539496,0.4370300527821834,0
M38006,CatBoost,differencing,1.1033570659877625,0.5545903458860751,0
M38240,CatBoost,differencing,0.6609884426906316,0.39584169473201114,0
M3845,CatBoost,differencing,37.778743452667705,1.488291591864411,0
M39033,CatBoost,differencing,4.184202031154362,0.2503069187205635,0
M39493,CatBoost,differencing,3.115063085713764,0.5478485828865617,0
M39683,CatBoost,differencing,112.6066029813082,1.8143106440128238,0
M39713,CatBoost,differencing,3.2809946457099026,0.2953345893005674,0
M40196,CatBoost,differencing,7.031547357543956,0.38962965165117797,0
M40381,CatBoost,differencing,7.36296253755057,0.4885368372845448,0
M40392,CatBoost,differencing,6.700804948994726,0.7026068104207394,0
M40637,CatBoost,differencing,12.562244523654126,0.9476729474033724,0
M40682,CatBoost,differencing,8.690789895450129,0.7054082553635557,0
M40709,CatBoost,differencing,2.4497020152029108,0.5462760821424033,0
M41162,CatBoost,differencing,12.841083396812033,2.5324371574816493,0
M41608,CatBoost,differencing,79.13985018448702,4.815875555945384,0
M42540,CatBoost,differencing,34.362255717485226,0.4701031704470259,1
M42946,CatBoost,differencing,25.708143940193096,0.17264633474453242,1
M4311,CatBoost,differencing,15.252232499007265,3.577763877400091,0
M43138,CatBoost,differencing,4.209497202678892,0.5627487841871833,1
M43493,CatBoost,differencing,10.574250668209057,2.2399606871866635,0
M43866,CatBoost,differencing,6.339239045062757,1.2653233515234497,0
M44521,CatBoost,differencing,6.0484256174627795,0.7362831134079676,0
M45066,CatBoost,differencing,32.48601354703716,0.975057814505368,1
M45267,CatBoost,differencing,1.8913633398304306,0.2400358936295416,0
M45330,CatBoost,differencing,3.632382041557171,0.4183129951367566,0
M4556,CatBoost,differencing,41.38460041037973,1.1489205170565344,1
M45723,CatBoost,differencing,36.696437911165624,1.6584360752206568,1
M46014,CatBoost,differencing,2.809446957277605,0.28253039780800804,0
M46237,CatBoost,differencing,3.280198164234762,0.4888104707159777,0
M46643,CatBoost,differencing,8.873569700122292,0.8433948212794492,0
M46863,CatBoost,differencing,20.890858688025435,0.8214926587892932,1
M47018,CatBoost,differencing,27.864334746879667,0.5931388622750728,1
M47257,CatBoost,differencing,20.786523715589496,0.6324128637788942,1
M47423,CatBoost,differencing,36.57381688411253,0.953551744855279,1
M47570,CatBoost,differencing,47.098376049436894,0.49223701524367963,1
M5581,CatBoost,differencing,1.1909451069940105,0.7180852864279915,0
M5723,CatBoost,differencing,4.974798260538815,2.0376207524715246,0
M6020,CatBoost,differencing,27.863219947691682,1.9466416574749916,0
M6057,CatBoost,differencing,5.763483019915843,0.7591005371024558,0
M6645,CatBoost,differencing,2.093787118044027,0.5008002315916246,0
M710,CatBoost,differencing,2.4400405895305144,0.8942569433883935,0
M7637,CatBoost,differencing,21.084531139546193,0.422960646742362,0
M7685,CatBoost,differencing,5.2372745992111644,0.1661130938998895,0
M801,CatBoost,differencing,1.06718356074502,0.8267092702636867,0
M8120,CatBoost,differencing,47.038084518979396,0.9637896626763769,0
M848,CatBoost,differencing,4.213062770976082,1.9616943179736401,0
M8507,CatBoost,differencing,30.154399658009762,1.7712700207785663,0
M9817,CatBoost,differencing,21.008327097563814,0.45714561493144695,0
M9964,CatBoost,differencing,34.90146197761683,0.4633357252045138,0
